<?xml version="1.0" encoding="UTF-8" standalone="yes"?>
<addon id="repository.xbmc.ocsavuis" name="Ocsavuis repositorio" version="1.0.1" provider-name="Ocsavuis">
	<extension point="xbmc.addon.repository" name="Ocsavuis Add-on Repository">
		<info compressed="false">https://github.com/ocsavuis/addons.xbmc.ocsavuis/raw/master/addons.xml</info>
		<checksum>https://github.com/ocsavuis/addons.xbmc.ocsavuis/raw/master/addons.xml.md5</checksum>
		<datadir zip="false">https://github.com/ocsavuis/addons.xbmc.ocsavuis/raw/master/</datadir>
	</extension>
	<extension point="xbmc.addon.metadata">
		<summary>Repositorio Ocsavuis</summary>
		<description>Addons de Ocsavuis</description>
		<disclaimer></disclaimer>
		<platform>all</platform>
	</extension>
</addon>